{
    "population_size": [
        30,
        30,
        30,
        30,
        30,
        30,
        30,
        30,
        30,
        30,
        30,
        30,
        30,
        30,
        30,
        30,
        30,
        30,
        28,
        30
    ],
    "average_health": [
        78.33333333333333,
        69.17333333333333,
        61.076,
        59.61673566666666,
        64.30499940973333,
        61.93655609446667,
        55.89448362177333,
        58.7887744650266,
        64.84505307250116,
        58.98108712399449,
        58.687848250278286,
        56.28425663774162,
        58.750428708026114,
        59.09115292632895,
        62.85705519728889,
        61.825080461449346,
        55.874895038621304,
        53.2028950386213,
        64.5780584210192,
        60.4259281914361
    ],
    "average_age": [
        1.0,
        2.0,
        2.933333333333333,
        3.6333333333333333,
        3.8333333333333335,
        4.333333333333333,
        4.733333333333333,
        4.733333333333333,
        4.166666666666667,
        4.6,
        4.533333333333333,
        4.933333333333334,
        4.466666666666667,
        4.133333333333334,
        3.9,
        4.166666666666667,
        4.633333333333334,
        4.833333333333333,
        4.357142857142857,
        4.666666666666667
    ],
    "best_performance": [
        0.75,
        0.6666666666666666,
        0.7142857142857143,
        0.5714285714285714,
        0.6,
        0.5833333333333334,
        0.75,
        0.6666666666666666,
        0.6666666666666666,
        0.75,
        0.6,
        0.5714285714285714,
        0.6,
        0.75,
        0.6666666666666666,
        0.625,
        0.6,
        0.5,
        0.5,
        0.5
    ]
}