{
    "population_size": [
        30,
        30,
        30,
        30,
        30,
        30,
        30,
        30,
        30,
        28
    ],
    "average_health": [
        79.59666666666666,
        66.98333333333333,
        62.082,
        62.859010399999995,
        66.45459916224,
        65.21733294970333,
        55.907999616370006,
        55.08937777549531,
        53.98970787558531,
        66.51427046775942
    ],
    "average_age": [
        1.0,
        2.0,
        2.8666666666666667,
        3.466666666666667,
        3.6666666666666665,
        3.8333333333333335,
        4.633333333333334,
        5.166666666666667,
        5.2,
        3.892857142857143
    ],
    "best_performance": [
        0.5,
        0.75,
        0.7142857142857143,
        0.6666666666666666,
        0.6666666666666666,
        0.6666666666666666,
        0.75,
        0.6666666666666666,
        0.625,
        0.6
    ]
}