{
    "population_size": [
        30,
        30,
        30,
        30,
        30,
        30,
        30,
        30,
        30,
        30
    ],
    "average_health": [
        78.33333333333333,
        69.17333333333333,
        61.076,
        59.61673566666666,
        64.30499940973333,
        61.93655609446667,
        55.89448362177333,
        58.7887744650266,
        64.84505307250116,
        58.98108712399449
    ],
    "average_age": [
        1.0,
        2.0,
        2.933333333333333,
        3.6333333333333333,
        3.8333333333333335,
        4.333333333333333,
        4.733333333333333,
        4.733333333333333,
        4.166666666666667,
        4.6
    ],
    "best_performance": [
        0.75,
        0.6666666666666666,
        0.7142857142857143,
        0.5714285714285714,
        0.6,
        0.5833333333333334,
        0.75,
        0.6666666666666666,
        0.6666666666666666,
        0.75
    ]
}