{
    "population_size": [
        30,
        30,
        30,
        30,
        30,
        30,
        30,
        30,
        30,
        30,
        30,
        30,
        30,
        30,
        30,
        30,
        30,
        30,
        28,
        30,
        30,
        30,
        30,
        30,
        30,
        30,
        30,
        30,
        30,
        30,
        30,
        30,
        30,
        30,
        30,
        30,
        30,
        30,
        30,
        30,
        30,
        30,
        30,
        30,
        29,
        30,
        30,
        29,
        30,
        30,
        30,
        30,
        30,
        30,
        30,
        30,
        30,
        30,
        30,
        30
    ],
    "average_health": [
        78.33333333333333,
        69.17333333333333,
        61.076,
        59.61673566666666,
        64.30499940973333,
        61.93655609446667,
        55.89448362177333,
        58.7887744650266,
        64.84505307250116,
        58.98108712399449,
        58.687848250278286,
        56.28425663774162,
        58.750428708026114,
        59.09115292632895,
        62.85705519728889,
        61.825080461449346,
        55.874895038621304,
        53.2028950386213,
        64.5780584210192,
        60.4259281914361,
        62.41802049635839,
        56.61350626302506,
        58.56469930480606,
        56.70036984805339,
        57.77313611611196,
        60.192814131214924,
        63.54603918525492,
        65.04463057732951,
        51.93129724399618,
        50.25899731493624,
        51.55871902667017,
        61.83289367305001,
        56.422369775614115,
        54.70753348882667,
        58.28049196459222,
        59.35784670529126,
        66.09166784902548,
        59.286572962622145,
        53.69406595720035,
        52.622548100910166,
        58.11930748683619,
        56.579030426529165,
        57.30167792539063,
        50.803926000837805,
        57.4337413771933,
        53.77742509311645,
        52.03192464783245,
        59.94799956580701,
        62.42713720637201,
        61.217356562701426,
        56.44144180079666,
        55.39709560079667,
        57.204502416074384,
        55.22807063052771,
        63.37602780720695,
        63.324896114453324,
        59.57761006858333,
        57.986253750164316,
        57.35881221911123,
        54.4093252764479
    ],
    "average_age": [
        1.0,
        2.0,
        2.933333333333333,
        3.6333333333333333,
        3.8333333333333335,
        4.333333333333333,
        4.733333333333333,
        4.733333333333333,
        4.166666666666667,
        4.6,
        4.533333333333333,
        4.933333333333334,
        4.466666666666667,
        4.133333333333334,
        3.9,
        4.166666666666667,
        4.633333333333334,
        4.833333333333333,
        4.357142857142857,
        4.666666666666667,
        4.266666666666667,
        5.066666666666666,
        4.866666666666666,
        5.3,
        5.533333333333333,
        4.966666666666667,
        4.866666666666666,
        4.8,
        5.8,
        5.733333333333333,
        5.8,
        4.633333333333334,
        4.666666666666667,
        4.8,
        4.566666666666666,
        4.4,
        4.066666666666666,
        4.766666666666667,
        5.133333333333334,
        5.566666666666666,
        5.033333333333333,
        5.033333333333333,
        5.333333333333333,
        5.966666666666667,
        5.758620689655173,
        5.8,
        6.0,
        4.620689655172414,
        3.6666666666666665,
        3.8666666666666667,
        4.4,
        4.8,
        4.8,
        4.966666666666667,
        4.233333333333333,
        4.3,
        4.766666666666667,
        4.833333333333333,
        5.133333333333334,
        5.5
    ],
    "best_performance": [
        0.75,
        0.6666666666666666,
        0.7142857142857143,
        0.5714285714285714,
        0.6,
        0.5833333333333334,
        0.75,
        0.6666666666666666,
        0.6666666666666666,
        0.75,
        0.6,
        0.5714285714285714,
        0.6,
        0.75,
        0.6666666666666666,
        0.625,
        0.6,
        0.5,
        0.5,
        0.5,
        0.5,
        0.5,
        0.6666666666666666,
        0.5555555555555556,
        0.5555555555555556,
        0.6666666666666666,
        0.625,
        0.6666666666666666,
        0.75,
        0.6666666666666666,
        0.6666666666666666,
        0.6363636363636364,
        0.75,
        0.7142857142857143,
        0.6666666666666666,
        0.5454545454545454,
        0.5,
        0.5,
        0.5714285714285714,
        0.5384615384615384,
        0.5333333333333333,
        0.6666666666666666,
        0.6,
        0.5263157894736842,
        0.5238095238095238,
        0.5217391304347826,
        0.5,
        0.6666666666666666,
        0.6666666666666666,
        0.6,
        0.5,
        0.5,
        0.6666666666666666,
        0.6666666666666666,
        0.625,
        0.6666666666666666,
        0.5833333333333334,
        0.5333333333333333,
        0.5294117647058824,
        0.6666666666666666
    ]
}