{
    "population_size": [
        30,
        30,
        30,
        30,
        30,
        30,
        30,
        30,
        30,
        28,
        30,
        30,
        30,
        30,
        30,
        29,
        30,
        30,
        30,
        30,
        30,
        30,
        30,
        30,
        30,
        30,
        30,
        30,
        30,
        30,
        30,
        30,
        30,
        30,
        30,
        30,
        30,
        30,
        30,
        30,
        30,
        30,
        30,
        30,
        30,
        30,
        30,
        30,
        30,
        30,
        30,
        30,
        30,
        30,
        30,
        30,
        30,
        30,
        30,
        30
    ],
    "average_health": [
        79.59666666666666,
        66.98333333333333,
        62.082,
        62.859010399999995,
        66.45459916224,
        65.21733294970333,
        55.907999616370006,
        55.08937777549531,
        53.98970787558531,
        66.51427046775942,
        66.3563288997524,
        67.26040627776,
        60.93166606522333,
        55.45363600426644,
        52.62989939474264,
        58.22145505504935,
        58.78874277141236,
        63.36941197529942,
        60.55511477529942,
        57.91168709609609,
        58.270821507085095,
        58.9842981506787,
        65.8760271478027,
        61.49975914829418,
        60.661430900841516,
        55.13957693283784,
        64.28335537618882,
        61.82204188653365,
        58.408028219829475,
        56.29403744192106,
        62.801730640458096,
        64.36646441453318,
        63.85164003518771,
        63.026430935187705,
        56.29316948297437,
        59.50639278709487,
        54.83366260739628,
        50.56750971850739,
        55.34627261466651,
        59.73758864400136,
        58.03361759663736,
        61.52192222869577,
        56.902054221498126,
        61.75470523667146,
        65.33256950333814,
        60.73861795699146,
        58.320446553623576,
        57.85651047178359,
        51.92907602511007,
        63.39230746557359,
        59.77169311153359,
        63.00658376871442,
        62.31836007386333,
        64.05656746132667,
        62.23445997758109,
        62.05617100452109,
        60.79547731714776,
        59.33777266446334,
        60.54118866871307,
        58.717129528467765
    ],
    "average_age": [
        1.0,
        2.0,
        2.8666666666666667,
        3.466666666666667,
        3.6666666666666665,
        3.8333333333333335,
        4.633333333333334,
        5.166666666666667,
        5.2,
        3.892857142857143,
        3.5,
        3.5,
        4.1,
        5.0,
        5.566666666666666,
        5.172413793103448,
        4.766666666666667,
        4.266666666666667,
        4.533333333333333,
        4.733333333333333,
        4.566666666666666,
        4.366666666666666,
        3.8666666666666667,
        4.466666666666667,
        4.966666666666667,
        5.4,
        5.033333333333333,
        4.9,
        5.466666666666667,
        5.566666666666666,
        4.9,
        4.533333333333333,
        4.633333333333334,
        4.8,
        5.333333333333333,
        4.933333333333334,
        5.433333333333334,
        6.033333333333333,
        5.533333333333333,
        4.566666666666666,
        4.633333333333334,
        4.366666666666666,
        4.833333333333333,
        4.466666666666667,
        4.133333333333334,
        4.766666666666667,
        4.766666666666667,
        5.0,
        5.733333333333333,
        4.633333333333334,
        4.9,
        4.633333333333334,
        4.8,
        4.6,
        4.966666666666667,
        4.7,
        5.033333333333333,
        5.266666666666667,
        5.3,
        5.7
    ],
    "best_performance": [
        0.5,
        0.75,
        0.7142857142857143,
        0.6666666666666666,
        0.6666666666666666,
        0.6666666666666666,
        0.75,
        0.6666666666666666,
        0.625,
        0.6,
        0.75,
        0.6666666666666666,
        0.625,
        0.6,
        0.6,
        0.6666666666666666,
        0.6666666666666666,
        0.6666666666666666,
        0.5,
        0.6666666666666666,
        0.6,
        0.5714285714285714,
        0.6666666666666666,
        0.5555555555555556,
        0.5,
        0.5384615384615384,
        0.6,
        0.625,
        0.6,
        0.5217391304347826,
        0.6,
        0.6666666666666666,
        0.5151515151515151,
        0.5277777777777778,
        0.5555555555555556,
        0.5833333333333334,
        0.6666666666666666,
        0.5,
        0.6666666666666666,
        0.5,
        0.5,
        0.5,
        0.6666666666666666,
        0.6666666666666666,
        0.6666666666666666,
        0.6,
        0.6,
        0.6666666666666666,
        0.6666666666666666,
        0.6,
        0.6666666666666666,
        0.6666666666666666,
        0.625,
        0.5,
        0.5555555555555556,
        0.6666666666666666,
        0.6,
        0.6666666666666666,
        0.6363636363636364,
        0.6153846153846154
    ]
}