{
    "population_size": [
        30,
        30,
        30,
        30,
        30,
        30,
        30,
        30,
        30,
        28,
        30,
        30,
        30,
        30,
        30,
        29,
        30,
        30,
        30,
        30,
        30,
        30,
        30,
        30,
        30,
        30,
        30,
        30,
        30,
        30,
        30,
        30,
        30,
        30,
        30,
        30,
        30,
        30,
        30,
        30,
        30,
        30,
        30,
        30,
        30,
        30,
        30,
        30,
        30,
        30,
        30,
        30,
        30,
        30,
        30,
        30,
        30,
        30,
        30,
        30,
        30,
        30,
        30,
        30,
        30,
        30,
        30,
        30,
        29,
        30,
        30,
        30,
        30,
        30,
        30,
        30,
        30,
        30,
        30,
        30,
        30,
        30,
        30,
        30,
        30,
        29,
        30,
        30,
        30,
        30,
        30,
        30,
        30,
        30,
        30,
        30,
        30,
        30,
        30,
        30
    ],
    "average_health": [
        79.59666666666666,
        66.98333333333333,
        62.082,
        62.859010399999995,
        66.45459916224,
        65.21733294970333,
        55.907999616370006,
        55.08937777549531,
        53.98970787558531,
        66.51427046775942,
        66.3563288997524,
        67.26040627776,
        60.93166606522333,
        55.45363600426644,
        52.62989939474264,
        58.22145505504935,
        58.78874277141236,
        63.36941197529942,
        60.55511477529942,
        57.91168709609609,
        58.270821507085095,
        58.9842981506787,
        65.8760271478027,
        61.49975914829418,
        60.661430900841516,
        55.13957693283784,
        64.28335537618882,
        61.82204188653365,
        58.408028219829475,
        56.29403744192106,
        62.801730640458096,
        64.36646441453318,
        63.85164003518771,
        63.026430935187705,
        56.29316948297437,
        59.50639278709487,
        54.83366260739628,
        50.56750971850739,
        55.34627261466651,
        59.73758864400136,
        58.03361759663736,
        61.52192222869577,
        56.902054221498126,
        61.75470523667146,
        65.33256950333814,
        60.73861795699146,
        58.320446553623576,
        57.85651047178359,
        51.92907602511007,
        63.39230746557359,
        59.77169311153359,
        63.00658376871442,
        62.31836007386333,
        64.05656746132667,
        62.23445997758109,
        62.05617100452109,
        60.79547731714776,
        59.33777266446334,
        60.54118866871307,
        58.717129528467765,
        51.36766374521442,
        53.9904716976883,
        55.326104785338295,
        59.82374550491032,
        56.003698870278754,
        63.44227050782923,
        62.08003785765808,
        59.00036340887355,
        68.81425539788079,
        61.687187097154755,
        64.36109670969144,
        64.10784054936809,
        61.624220607919185,
        56.45270252857143,
        52.846956395238095,
        59.79945300887514,
        62.192911618463356,
        63.14172952480669,
        61.18535055814002,
        62.70324039987201,
        56.01986987865988,
        61.633856996537816,
        56.05122312987115,
        61.66059262115889,
        52.68837859128774,
        62.73514228542329,
        58.578790563328106,
        59.82146499873251,
        59.286458065399174,
        63.01315231952917,
        58.40217737492666,
        58.11614203133692,
        56.65577412307692,
        63.489953921190335,
        59.92472405452367,
        56.374324328387004,
        58.96373466025038,
        56.51841302794893,
        55.28728482917894,
        64.71748865683857
    ],
    "average_age": [
        1.0,
        2.0,
        2.8666666666666667,
        3.466666666666667,
        3.6666666666666665,
        3.8333333333333335,
        4.633333333333334,
        5.166666666666667,
        5.2,
        3.892857142857143,
        3.5,
        3.5,
        4.1,
        5.0,
        5.566666666666666,
        5.172413793103448,
        4.766666666666667,
        4.266666666666667,
        4.533333333333333,
        4.733333333333333,
        4.566666666666666,
        4.366666666666666,
        3.8666666666666667,
        4.466666666666667,
        4.966666666666667,
        5.4,
        5.033333333333333,
        4.9,
        5.466666666666667,
        5.566666666666666,
        4.9,
        4.533333333333333,
        4.633333333333334,
        4.8,
        5.333333333333333,
        4.933333333333334,
        5.433333333333334,
        6.033333333333333,
        5.533333333333333,
        4.566666666666666,
        4.633333333333334,
        4.366666666666666,
        4.833333333333333,
        4.466666666666667,
        4.133333333333334,
        4.766666666666667,
        4.766666666666667,
        5.0,
        5.733333333333333,
        4.633333333333334,
        4.9,
        4.633333333333334,
        4.8,
        4.6,
        4.966666666666667,
        4.7,
        5.033333333333333,
        5.266666666666667,
        5.3,
        5.7,
        6.133333333333334,
        5.666666666666667,
        5.333333333333333,
        4.266666666666667,
        4.7,
        4.166666666666667,
        4.5,
        4.733333333333333,
        3.8275862068965516,
        4.4,
        4.133333333333334,
        3.7666666666666666,
        4.233333333333333,
        4.833333333333333,
        5.366666666666666,
        4.633333333333334,
        4.566666666666666,
        4.533333333333333,
        5.1,
        5.266666666666667,
        5.7,
        4.5,
        5.066666666666666,
        5.0,
        5.366666666666666,
        4.724137931034483,
        4.966666666666667,
        4.4,
        4.033333333333333,
        4.066666666666666,
        4.0,
        4.066666666666666,
        4.466666666666667,
        3.8666666666666667,
        4.5,
        5.033333333333333,
        4.3,
        4.466666666666667,
        4.666666666666667,
        3.9
    ],